[{"IDFixture":1,"Season":"2018\/2019","HomeTeam":"Man United","AwayTeam":"Leicester","HomeGoals":2,"AwayGoals":1,"Referee":"A Marriner","Result":"H","Date":"2018-10-08","Competition":"Premiere Leauge"},{"IDFixture":2,"Season":"2018\/2019","HomeTeam":"Bournemouth","AwayTeam":"Cardiff","HomeGoals":2,"AwayGoals":0,"Referee":"K Friend","Result":"H","Date":"2018-11-08","Competition":"Premiere Leauge"},{"IDFixture":3,"Season":"2018\/2019","HomeTeam":"Fulham","AwayTeam":"Crystal Palace","HomeGoals":0,"AwayGoals":2,"Referee":"M Dean","Result":"A","Date":"2018-11-08","Competition":"Premiere Leauge"},{"IDFixture":4,"Season":"2018\/2019","HomeTeam":"Huddersfield","AwayTeam":"Chelsea","HomeGoals":0,"AwayGoals":3,"Referee":"C Kavanagh","Result":"A","Date":"2018-11-08","Competition":"Premiere Leauge"},{"IDFixture":5,"Season":"2018\/2019","HomeTeam":"Newcastle","AwayTeam":"Tottenham","HomeGoals":1,"AwayGoals":2,"Referee":"M Atkinson","Result":"A","Date":"2018-11-08","Competition":"Premiere Leauge"},{"IDFixture":6,"Season":"2018\/2019","HomeTeam":"Watford","AwayTeam":"Brighton","HomeGoals":2,"AwayGoals":0,"Referee":"J Moss","Result":"H","Date":"2018-11-08","Competition":"Premiere Leauge"},{"IDFixture":7,"Season":"2018\/2019","HomeTeam":"Wolves","AwayTeam":"Everton","HomeGoals":2,"AwayGoals":2,"Referee":"C Pawson","Result":"D","Date":"2018-11-08","Competition":"Premiere Leauge"},{"IDFixture":8,"Season":"2018\/2019","HomeTeam":"Arsenal","AwayTeam":"Man City","HomeGoals":0,"AwayGoals":2,"Referee":"M Oliver","Result":"A","Date":"2018-12-08","Competition":"Premiere Leauge"},{"IDFixture":9,"Season":"2018\/2019","HomeTeam":"Liverpool","AwayTeam":"Southampton","HomeGoals":4,"AwayGoals":0,"Referee":"A Taylor","Result":"H","Date":"2018-12-08","Competition":"Premiere Leauge"},{"IDFixture":10,"Season":"2018\/2019","HomeTeam":"Burnley","AwayTeam":"West Ham","HomeGoals":0,"AwayGoals":0,"Referee":"G Scott","Result":"D","Date":"2018-12-08","Competition":"Premiere Leauge"}]